PLAYERS	14			PASSING				RUSHING			RECEIVING				MISC			TOTAL
PLAYER, TEAM POS	Player	Team	Position	    C/A	  YDS	   TD	  INT	 RUSH	  YDS	   TD	  REC	  YDS	   TD	  TAR	  2PC	 FUML	   TD	PTS
Aaron Rodgers, GB QB	Aaron Rodgers	 GB QB		401/610	4428	40	7	67	369	4	0	0	0	0	2	4	0	365
Matt Ryan, Atl QB	Matt Ryan	 Atl QB		373/534	4944	38	7	35	117	0	0	0	0	0	2	2	0	334
Drew Brees, NO QB	Drew Brees	 NO QB		471/673	5208	37	15	23	20	2	0	0	0	0	0	4	0	323
David Johnson, Ari RB	David Johnson	 Ari RB		0/0	0	0	0	293	1239	16	80	879	4	120	1	3	0	313
Andrew Luck, Ind QB  Q	Andrew Luck	 Ind QB  Q		346/545	4240	31	13	64	341	2	0	0	0	0	2	5	0	297
Kirk Cousins, Wsh QB	Kirk Cousins	 Wsh QB		406/606	4917	25	12	34	96	4	0	0	0	0	0	3	0	290
Ezekiel Elliott, Dal RB	Ezekiel Elliott	 Dal RB		0/0	0	0	0	322	1631	15	32	363	1	40	0	1	0	280
Dak Prescott, Dal QB	Dak Prescott	 Dal QB		311/459	3667	23	4	57	282	6	0	0	0	0	0	4	0	271
Matthew Stafford, Det QB  Q	Matthew Stafford	 Det QB  Q		388/594	4327	24	10	37	207	2	0	0	0	0	1	2	0	267
Blake Bortles, Jax QB	Blake Bortles	 Jax QB		368/625	3905	23	16	58	359	3	1	20	1	1	2	6	0	259
Derek Carr, Oak QB  Q	Derek Carr	 Oak QB  Q		357/560	3937	28	6	39	70	0	0	0	0	0	5	3	0	257
Russell Wilson, Sea QB	Russell Wilson	 Sea QB		353/546	4219	21	11	72	259	1	2	14	1	2	1	2	0	256
Tyrod Taylor, Buf QB	Tyrod Taylor	 Buf QB		269/436	3023	17	6	95	580	6	0	0	0	0	2	2	0	254
Tom Brady, NE QB	Tom Brady	 NE QB		291/432	3554	28	2	28	64	0	0	0	0	0	1	0	0	251
Philip Rivers, SD QB	Philip Rivers	 SD QB		349/578	4386	33	21	14	35	0	0	0	0	0	0	5	0	250
Andy Dalton, Cin QB	Andy Dalton	 Cin QB		364/563	4206	18	8	46	184	4	0	0	0	0	0	3	0	250
Marcus Mariota, Ten QB  Q	Marcus Mariota	 Ten QB  Q		276/451	3426	26	9	60	349	2	0	0	0	1	0	5	0	247
Ben Roethlisberger, Pit QB	Ben Roethlisberger	 Pit QB		328/509	3819	29	13	16	14	1	0	0	0	0	3	2	0	246
Jameis Winston, TB QB	Jameis Winston	 TB QB		345/567	4090	28	18	53	165	1	0	0	0	0	3	6	0	243
Cam Newton, Car QB  Q	Cam Newton	 Car QB  Q		270/510	3509	19	14	90	359	5	0	0	0	0	2	2	0	241
LeSean McCoy, Buf RB  Q	LeSean McCoy	 Buf RB  Q		0/0	0	0	0	234	1267	13	50	356	1	57	1	0	0	238
Carson Palmer, Ari QB	Carson Palmer	 Ari QB		364/597	4233	26	14	14	38	0	0	0	0	0	1	4	0	234
Joe Flacco, Bal QB	Joe Flacco	 Bal QB		436/672	4317	20	15	21	58	2	0	0	0	0	4	3	0	231
Le'Veon Bell, Pit RB  Q	Le'Veon Bell	 Pit RB  Q		0/1	0	0	0	261	1268	7	75	616	2	94	1	1	0	231
DeMarco Murray, Ten RB	DeMarco Murray	 Ten RB		42737	10	1	0	293	1287	9	53	377	3	67	0	1	0	229
Eli Manning, NYG QB	Eli Manning	 NYG QB		377/598	4027	26	16	21	-9	0	0	0	0	0	0	4	0	218
LeGarrette Blount, NE RB	LeGarrette Blount	 NE RB		0/0	0	0	0	299	1161	18	7	38	0	8	0	1	0	218
Devonta Freeman, Atl RB	Devonta Freeman	 Atl RB		0/0	0	0	0	227	1079	11	54	462	2	65	0	1	0	216
Alex Smith, KC QB	Alex Smith	 KC QB		328/489	3502	15	8	48	134	5	1	3	0	1	2	4	0	212
Sam Bradford, Min QB	Sam Bradford	 Min QB		395/552	3877	20	5	20	53	0	1	5	0	1	0	5	0	210
Carson Wentz, Phi QB	Carson Wentz	 Phi QB		379/607	3782	16	14	46	150	2	1	7	0	1	2	3	0	202
Jordy Nelson, GB WR	Jordy Nelson	 GB WR		0/0	0	0	0	0	0	0	97	1257	14	152	0	1	0	200
Mike Evans, TB WR	Mike Evans	 TB WR		0/0	0	0	0	0	0	0	96	1321	12	175	2	0	0	200
Melvin Gordon, SD RB  Q	Melvin Gordon	 SD RB  Q		0/0	0	0	0	254	997	10	41	419	2	57	0	2	0	199
Antonio Brown, Pit WR	Antonio Brown	 Pit WR		0/0	0	0	0	3	9	0	106	1284	12	155	0	0	0	193
Colin Kaepernick, SF QB	Colin Kaepernick	 SF QB		196/331	2241	16	4	69	468	2	0	0	0	0	1	3	0	191
Jordan Howard, Chi RB	Jordan Howard	 Chi RB		0/0	0	0	0	252	1313	6	29	298	1	50	0	1	0	189
Odell Beckham Jr., NYG WR	Odell Beckham Jr.	 NYG WR		0/0	0	0	0	1	9	0	101	1367	10	169	0	1	0	188
Trevor Siemian, Den QB  Q	Trevor Siemian	 Den QB  Q		289/486	3401	18	10	28	57	0	0	0	0	0	1	2	0	185
Mark Ingram, NO RB	Mark Ingram	 NO RB		0/0	0	0	0	205	1043	6	46	319	4	57	2	2	0	181
Ryan Tannehill, Mia QB	Ryan Tannehill	 Mia QB		261/389	2995	19	12	39	164	1	0	0	0	0	1	3	0	180
Jay Ajayi, Mia RB	Jay Ajayi	 Mia RB		0/0	0	0	0	260	1272	8	27	151	0	34	0	1	0	177
Matt Bryant, Atl K	Matt Bryant	 Atl K		0/0	0	0	0	0	0	0	0	0	0	0	0	0	0	176
T.Y. Hilton, Ind WR	T.Y. Hilton	 Ind WR		0/0	0	0	0	0	0	0	91	1448	6	156	1	0	0	176
Justin Tucker, Bal K	Justin Tucker	 Bal K		0/1	0	0	0	0	0	0	0	0	0	0	0	0	0	174
Julio Jones, Atl WR  Q	Julio Jones	 Atl WR  Q		0/0	0	0	0	0	0	0	83	1409	6	129	0	0	0	170
Davante Adams, GB WR	Davante Adams	 GB WR		0/0	0	0	0	0	0	0	75	997	12	121	1	1	0	166
Frank Gore, Ind RB	Frank Gore	 Ind RB		0/0	0	0	0	263	1025	4	38	277	4	47	0	1	0	164
Latavius Murray, Min RB  Q	Latavius Murray	 Min RB  Q		0/0	0	0	0	195	788	12	33	264	0	42	0	1	0	164
Brock Osweiler, Cle QB	Brock Osweiler	 Cle QB		301/510	2957	15	16	30	131	2	1	-14	0	1	0	1	0	159
Brandin Cooks, NE WR	Brandin Cooks	 NE WR		0/0	0	0	0	6	30	0	78	1173	8	117	0	0	0	159
Michael Thomas, NO WR	Michael Thomas	 NO WR		0/0	0	0	0	0	0	0	92	1137	9	122	0	2	0	157
Vikings D/ST D/ST	#VALUE!	#VALUE!		0/0	0	0	0	0	0	0	0	0	0	0	0	0	7	157
Carlos Hyde, SF RB  Q	Carlos Hyde	 SF RB  Q		0/0	0	0	0	217	988	6	27	163	3	33	1	3	0	154
Isaiah Crowell, Cle RB	Isaiah Crowell	 Cle RB		0/0	0	0	0	198	952	7	40	319	0	52	0	2	0	153
Doug Baldwin, Sea WR	Doug Baldwin	 Sea WR		42736	15	1	0	3	2	0	94	1128	7	126	0	0	0	152
Lamar Miller, Hou RB	Lamar Miller	 Hou RB		0/0	0	0	0	268	1073	5	31	188	1	40	0	1	0	148
Tevin Coleman, Atl RB  Q	Tevin Coleman	 Atl RB  Q		0/0	0	0	0	118	520	8	31	421	3	40	0	0	0	148
Spencer Ware, KC RB	Spencer Ware	 KC RB		0/0	0	0	0	214	921	3	33	447	2	42	0	3	0	147
Jeremy Hill, Cin RB	Jeremy Hill	 Cin RB		0/0	0	0	0	222	839	9	21	174	0	27	0	0	0	147
Broncos D/ST D/ST	#VALUE!	#VALUE!		0/0	0	0	0	0	0	0	0	0	0	0	0	0	4	146
Adam Vinatieri, Ind K	Adam Vinatieri	 Ind K		0/0	0	0	0	0	0	0	0	0	0	0	0	0	0	145
Michael Crabtree, Oak WR	Michael Crabtree	 Oak WR		0/0	0	0	0	0	0	0	89	1003	8	145	1	0	0	144
Caleb Sturgis, Phi K	Caleb Sturgis	 Phi K		0/0	0	0	0	0	0	0	0	0	0	0	0	0	0	144
Tyreek Hill, KC WR	Tyreek Hill	 KC WR		0/0	0	0	0	24	267	3	61	593	6	83	0	1	3	144
Matt Prater, Det K	Matt Prater	 Det K		0/0	0	0	0	0	0	0	0	0	0	0	0	0	0	143
Dustin Hopkins, Wsh K	Dustin Hopkins	 Wsh K		0/0	0	0	0	0	0	0	0	0	0	0	0	0	0	143
Cardinals D/ST D/ST	#VALUE!	#VALUE!		0/0	0	0	0	0	0	0	0	0	0	0	0	0	3	143
Tyrell Williams, SD WR	Tyrell Williams	 SD WR		0/0	0	0	0	0	0	0	69	1059	7	120	0	0	0	142
Matt Forte, NYJ RB  Q	Matt Forte	 NYJ RB  Q		0/0	0	0	0	218	813	7	30	263	1	43	0	1	0	141
Rishard Matthews, Ten WR	Rishard Matthews	 Ten WR		0/0	0	0	0	0	0	0	65	945	9	108	0	1	0	141
Todd Gurley, LA RB	Todd Gurley	 LA RB		0/0	0	0	0	278	885	6	43	327	0	57	0	1	0	141
Wil Lutz, NO K	Wil Lutz	 NO K		0/0	0	0	0	0	0	0	0	0	0	0	0	0	0	141
Chiefs D/ST D/ST	#VALUE!	#VALUE!		0/0	0	0	0	0	0	0	0	0	0	0	0	0	8	140
Amari Cooper, Oak WR	Amari Cooper	 Oak WR		0/0	0	0	0	1	0	0	83	1153	5	132	2	0	0	139
Nick Novak, Hou K	Nick Novak	 Hou K		0/0	0	0	0	0	0	0	0	0	0	0	0	0	0	135
Stephen Gostkowski, NE K	Stephen Gostkowski	 NE K		0/0	0	0	0	0	0	0	0	0	0	0	0	0	0	135
Dan Bailey, Dal K	Dan Bailey	 Dal K		0/0	0	0	0	0	0	0	0	0	0	0	0	0	0	135
Cairo Santos, KC K	Cairo Santos	 KC K		0/0	0	0	0	0	0	0	0	0	0	0	0	0	0	135
Sebastian Janikowski, Oak K	Sebastian Janikowski	 Oak K		0/0	0	0	0	0	0	0	0	0	0	0	0	0	0	134
Steven Hauschka, Buf K	Steven Hauschka	 Buf K		0/0	0	0	0	0	0	0	0	0	0	0	0	0	0	134
Graham Gano, Car K  Q	Graham Gano	 Car K  Q		0/0	0	0	0	0	0	0	0	0	0	0	0	0	0	133
Travis Kelce, KC TE  Q	Travis Kelce	 KC TE  Q		0/0	0	0	0	1	-5	0	85	1125	4	117	1	0	0	133
Larry Fitzgerald, Ari WR	Larry Fitzgerald	 Ari WR		0/1	0	0	0	2	5	0	107	1023	6	150	0	1	0	131
Demaryius Thomas, Den WR	Demaryius Thomas	 Den WR		0/0	0	0	0	0	0	0	90	1083	5	145	1	2	0	130
Giants D/ST D/ST	#VALUE!	#VALUE!		0/0	0	0	0	0	0	0	0	0	0	0	0	0	4	130
Jonathan Stewart, Car RB	Jonathan Stewart	 Car RB		0/0	0	0	0	218	824	9	8	60	0	20	0	2	0	129
Bilal Powell, NYJ RB	Bilal Powell	 NYJ RB		0/0	0	0	0	131	722	3	58	388	2	74	0	1	0	128
Kelvin Benjamin, Car WR	Kelvin Benjamin	 Car WR		0/0	0	0	0	0	0	0	63	941	7	118	0	1	0	128
Jarvis Landry, Mia WR	Jarvis Landry	 Mia WR		0/1	0	0	0	5	17	0	94	1136	4	131	1	2	0	128
Terrelle Pryor Sr., Wsh WR  Q	Terrelle Pryor Sr.	 Wsh WR  Q		42864	41	0	0	8	21	1	77	1007	4	140	1	0	0	127
Brandon McManus, Den K	Brandon McManus	 Den K		0/0	0	0	0	1	6	0	0	0	0	0	0	0	0	127
Jason Myers, Jax K	Jason Myers	 Jax K		0/0	0	0	0	0	0	0	0	0	0	0	0	0	0	127
Eagles D/ST D/ST	#VALUE!	#VALUE!		0/0	0	0	0	0	0	0	0	0	0	0	0	0	5	127
Dez Bryant, Dal WR	Dez Bryant	 Dal WR		42736	10	1	0	0	0	0	50	796	8	97	0	1	0	126
Mason Crosby, GB K	Mason Crosby	 GB K		0/0	0	0	0	0	0	0	0	0	0	0	0	0	0	125
Ryan Mathews, Phi RB  Q	Ryan Mathews	 Phi RB  Q		0/0	0	0	0	155	661	8	13	115	1	14	2	2	0	125
Emmanuel Sanders, Den WR  Q	Emmanuel Sanders	 Den WR  Q		0/0	0	0	0	1	4	0	79	1032	5	139	0	0	0	125
Mike Wallace, Bal WR	Mike Wallace	 Bal WR		0/0	0	0	0	5	31	0	72	1017	4	117	1	0	0	124
Golden Tate, Det WR	Golden Tate	 Det WR		0/0	0	0	0	10	4	0	91	1077	4	135	1	1	0	124
Terrance West, Bal RB	Terrance West	 Bal RB		0/0	0	0	0	193	774	5	34	236	1	45	0	0	0	124
Ryan Fitzpatrick, NYJ QB	Ryan Fitzpatrick	 NYJ QB		228/403	2710	12	17	33	130	0	0	0	0	0	0	1	0	122
Julian Edelman, NE WR	Julian Edelman	 NE WR		0/0	0	0	0	12	57	0	98	1106	3	158	1	2	0	122
Jamison Crowder, Wsh WR	Jamison Crowder	 Wsh WR		0/0	0	0	0	2	-2	0	67	847	7	97	0	1	1	122
Greg Olsen, Car TE	Greg Olsen	 Car TE		0/0	0	0	0	0	0	0	80	1073	3	127	1	0	0	121
Kenny Britt, Cle WR	Kenny Britt	 Cle WR		0/0	0	0	0	0	0	0	68	1002	5	111	0	1	0	121
Kenny Stills, Mia WR	Kenny Stills	 Mia WR		0/0	0	0	0	0	0	0	42	726	9	81	0	0	0	121
Kyle Rudolph, Min TE	Kyle Rudolph	 Min TE		0/0	0	0	0	0	0	0	83	840	7	132	0	0	0	120
Adam Thielen, Min WR	Adam Thielen	 Min WR		0/0	0	0	0	2	15	0	69	967	5	92	0	1	0	120
Josh Lambo, SD K	Josh Lambo	 SD K		0/0	0	0	0	0	0	0	0	0	0	0	0	0	0	120
DeSean Jackson, TB WR	DeSean Jackson	 TB WR		0/0	0	0	0	0	0	0	56	1005	4	100	0	0	0	118
Jimmy Graham, Sea TE	Jimmy Graham	 Sea TE		0/0	0	0	0	1	0	0	65	923	6	95	0	2	0	118
Allen Robinson, Jax WR	Allen Robinson	 Jax WR		0/0	0	0	0	0	0	0	73	883	6	151	1	0	0	118
Ravens D/ST D/ST	#VALUE!	#VALUE!		0/0	0	0	0	0	0	0	0	0	0	0	0	0	2	118
Delanie Walker, Ten TE	Delanie Walker	 Ten TE		0/0	0	0	0	2	11	0	65	800	7	102	0	0	0	117
Ryan Succop, Ten K	Ryan Succop	 Ten K		0/0	0	0	0	0	0	0	0	0	0	0	0	0	0	117
Patriots D/ST D/ST	#VALUE!	#VALUE!		0/0	0	0	0	0	0	0	0	0	0	0	0	0	0	117
A.J. Green, Cin WR	A.J. Green	 Cin WR		0/0	0	0	0	0	0	0	66	964	4	100	0	0	0	116
Brandon LaFell, Cin WR	Brandon LaFell	 Cin WR		0/0	0	0	0	1	-2	0	64	862	6	106	0	0	0	115
Sterling Shepard, NYG WR	Sterling Shepard	 NYG WR		0/0	0	0	0	3	31	0	65	683	8	105	0	0	0	114
Pierre Garcon, SF WR	Pierre Garcon	 SF WR		0/0	0	0	0	0	0	0	79	1041	3	116	0	0	0	113
Seahawks D/ST D/ST	#VALUE!	#VALUE!		0/0	0	0	0	0	0	0	0	0	0	0	0	0	1	113
DeAndre Hopkins, Hou WR	DeAndre Hopkins	 Hou WR		0/0	0	0	0	0	0	0	78	954	4	150	0	0	0	112
Willie Snead, NO WR	Willie Snead	 NO WR		42736	50	1	0	0	0	0	72	895	4	104	0	0	0	112
Mike Gillislee, Buf RB	Mike Gillislee	 Buf RB		0/0	0	0	0	101	577	8	9	50	1	11	0	0	0	111
Chandler Catanzaro, NYJ K	Chandler Catanzaro	 NYJ K		0/0	0	0	0	0	0	0	0	0	0	0	0	0	0	111
Marvin Jones, Det WR	Marvin Jones	 Det WR		0/0	0	0	0	1	3	0	55	930	4	103	0	0	0	110
Robert Kelley, Wsh RB	Robert Kelley	 Wsh RB		0/0	0	0	0	168	704	6	12	82	1	18	0	0	0	110
Chargers D/ST D/ST	#VALUE!	#VALUE!		0/0	0	0	0	0	0	0	0	0	0	0	0	0	5	109
Nick Folk, TB K	Nick Folk	 TB K		0/0	0	0	0	0	0	0	0	0	0	0	0	0	0	108
Buccaneers D/ST D/ST	#VALUE!	#VALUE!		0/0	0	0	0	0	0	0	0	0	0	0	0	0	4	108
Steve Smith Sr., Bal WR	Steve Smith Sr.	 Bal WR		0/0	0	0	0	0	0	0	70	799	5	103	2	0	0	107
Marqise Lee, Jax WR	Marqise Lee	 Jax WR		42736	20	1	0	6	35	0	63	851	3	105	0	1	1	107
Cameron Meredith, Chi WR	Cameron Meredith	 Chi WR		42736	2	1	0	1	6	0	66	888	4	96	0	2	0	107
Chris Boswell, Pit K	Chris Boswell	 Pit K		0/0	0	0	0	0	0	0	0	0	0	0	0	0	0	106
Cameron Brate, TB TE	Cameron Brate	 TB TE		0/0	0	0	0	0	0	0	57	660	8	81	0	0	0	106
Martellus Bennett, GB TE	Martellus Bennett	 GB TE		0/0	0	0	0	2	10	0	55	701	7	73	0	0	0	105
Cole Beasley, Dal WR	Cole Beasley	 Dal WR		0/1	0	0	0	1	7	0	75	833	5	98	0	0	0	105
Christine Michael, GB RB	Christine Michael	 GB RB		0/0	0	0	0	148	583	7	22	107	1	29	0	1	0	105
Quincy Enunwa, NYJ WR	Quincy Enunwa	 NYJ WR		0/0	0	0	0	1	12	0	58	857	4	106	0	0	0	105
Case Keenum, LA QB	Case Keenum	 LA QB		196/322	2201	9	11	20	51	1	0	0	0	0	0	1	0	103
Stefon Diggs, Min WR  Q	Stefon Diggs	 Min WR  Q		0/0	0	0	0	3	10	0	84	903	3	111	0	0	0	103
Texans D/ST D/ST	#VALUE!	#VALUE!		0/0	0	0	0	0	0	0	0	0	0	0	0	0	2	102
Panthers D/ST D/ST	#VALUE!	#VALUE!		0/0	0	0	0	0	0	0	0	0	0	0	0	0	3	101
Anquan Boldin, Det WR	Anquan Boldin	 Det WR		0/0	0	0	0	0	0	0	67	584	8	95	0	0	0	99
Theo Riddick, Det RB  Q	Theo Riddick	 Det RB  Q		0/0	0	0	0	92	357	1	53	371	5	67	0	0	0	99
Zach Ertz, Phi TE	Zach Ertz	 Phi TE		0/0	0	0	0	0	0	0	78	816	4	106	0	0	0	98
Jordan Reed, Wsh TE	Jordan Reed	 Wsh TE		0/0	0	0	0	0	0	0	66	686	6	87	0	1	0	98
Dontrelle Inman, SD WR	Dontrelle Inman	 SD WR		0/0	0	0	0	0	0	0	58	810	4	94	0	0	0	98
Taylor Gabriel, Atl WR	Taylor Gabriel	 Atl WR		0/0	0	0	0	4	51	1	35	579	6	49	0	0	0	98
J.J. Nelson, Ari WR	J.J. Nelson	 Ari WR		0/0	0	0	0	4	83	1	34	568	6	74	0	1	0	98
Devontae Booker, Den RB	Devontae Booker	 Den RB		0/0	0	0	0	174	612	4	31	265	1	46	0	3	0	98
Darren Sproles, Phi RB	Darren Sproles	 Phi RB		0/0	0	0	0	94	438	2	52	427	2	71	0	0	0	97
Dan Carpenter, Buf K	Dan Carpenter	 Buf K		0/0	0	0	0	0	0	0	0	0	0	0	0	0	0	97
Ted Ginn Jr., Car WR	Ted Ginn Jr.	 Car WR		0/0	0	0	0	14	98	0	54	752	4	95	0	2	0	95
Jerick McKinnon, Min RB	Jerick McKinnon	 Min RB		0/1	0	0	0	159	539	2	43	255	2	54	1	0	0	95
Phil Dawson, Ari K	Phil Dawson	 Ari K		0/0	0	0	0	0	0	0	0	0	0	0	0	0	0	93
Roberto Aguayo, TB K	Roberto Aguayo	 TB K		0/0	0	0	0	0	0	0	0	0	0	0	0	0	0	93
Dolphins D/ST D/ST	#VALUE!	#VALUE!		0/0	0	0	0	0	0	0	0	0	0	0	0	0	4	93
Tim Hightower, NO RB	Tim Hightower	 NO RB		0/0	0	0	0	133	548	4	22	200	1	26	0	0	0	92
Rashad Jennings, NYG RB	Rashad Jennings	 NYG RB		0/0	0	0	0	181	593	3	35	201	1	42	0	0	0	92
DeVante Parker, Mia WR	DeVante Parker	 Mia WR		0/0	0	0	0	0	0	0	56	744	4	90	0	0	0	92
Mike Nugent, Cin K	Mike Nugent	 Cin K		0/0	0	0	0	0	0	0	0	0	0	0	0	0	0	91
Jordan Matthews, Phi WR	Jordan Matthews	 Phi WR		0/0	0	0	0	0	0	0	73	804	3	117	0	0	0	91
James White, NE RB	James White	 NE RB		0/0	0	0	0	39	166	0	60	551	5	86	0	0	0	91
Steelers D/ST D/ST	#VALUE!	#VALUE!		0/0	0	0	0	0	0	0	0	0	0	0	0	0	1	91
Antonio Gates, SD TE	Antonio Gates	 SD TE		0/0	0	0	0	0	0	0	53	548	7	92	0	1	0	90
Matt Asiata, Min RB	Matt Asiata	 Min RB		0/0	0	0	0	121	402	6	32	263	0	38	0	1	0	90
Hunter Henry, SD TE	Hunter Henry	 SD TE		0/0	0	0	0	0	0	0	36	478	8	54	0	1	0	90
Brandon Marshall, NYG WR	Brandon Marshall	 NYG WR		0/0	0	0	0	0	0	0	59	788	3	128	0	0	0	89
Alshon Jeffery, Phi WR	Alshon Jeffery	 Phi WR		0/0	0	0	0	0	0	0	52	821	2	95	0	0	0	89
Falcons D/ST D/ST	#VALUE!	#VALUE!		0/0	0	0	0	0	0	0	0	0	0	0	0	0	5	88
Ty Montgomery, GB WR, RB  Q	Ty Montgomery	 GB WR, RB  Q		0/0	0	0	0	77	457	3	44	348	0	56	0	1	0	87
Andrew Franks, Mia K	Andrew Franks	 Mia K		0/0	0	0	0	0	0	0	0	0	0	0	0	0	0	87
Chris Thompson, Wsh RB	Chris Thompson	 Wsh RB		0/0	0	0	0	68	356	3	49	349	2	62	0	1	0	86
Connor Barth, Chi K	Connor Barth	 Chi K		0/0	0	0	0	0	0	0	0	0	0	0	0	0	0	85
Derrick Henry, Ten RB	Derrick Henry	 Ten RB		0/0	0	0	0	110	490	5	13	137	0	15	0	0	0	85
Chris Hogan, NE WR	Chris Hogan	 NE WR		0/0	0	0	0	3	9	0	38	680	4	57	0	1	0	84
Greg Zuerlein, LA K	Greg Zuerlein	 LA K		0/0	0	0	0	0	0	0	0	0	0	0	0	0	0	84
Cody Parkey, Cle K	Cody Parkey	 Cle K		0/0	0	0	0	0	0	0	0	0	0	0	0	0	0	84
Randall Cobb, GB WR	Randall Cobb	 GB WR		0/0	0	0	0	10	33	0	60	610	4	84	0	0	0	83
Mohamed Sanu, Atl WR	Mohamed Sanu	 Atl WR		0/0	0	0	0	1	5	0	59	653	4	81	1	1	0	83
Cowboys D/ST D/ST	#VALUE!	#VALUE!		0/0	0	0	0	0	0	0	0	0	0	0	0	0	0	82
Bills D/ST D/ST	#VALUE!	#VALUE!		0/0	0	0	0	0	0	0	0	0	0	0	0	0	3	81
C.J. Anderson, Den RB  Q	C.J. Anderson	 Den RB  Q		0/0	0	0	0	110	437	4	16	128	1	25	0	0	0	80
Travis Benjamin, SD WR  Q	Travis Benjamin	 SD WR  Q		0/1	0	0	0	2	-3	0	47	677	4	76	0	3	0	79
Jack Doyle, Ind TE	Jack Doyle	 Ind TE		0/0	0	0	0	0	0	0	59	584	5	75	0	1	0	79
Bengals D/ST D/ST	#VALUE!	#VALUE!		0/0	0	0	0	0	0	0	0	0	0	0	0	0	0	79
Coby Fleener, NO TE	Coby Fleener	 NO TE		0/0	0	0	0	1	2	1	50	631	3	82	0	0	0	78
Tavon Austin, LA WR	Tavon Austin	 LA WR		0/0	0	0	0	28	159	1	58	509	3	107	0	1	0	78
Eric Ebron, Det TE	Eric Ebron	 Det TE		0/0	0	0	0	1	1	1	61	711	1	86	0	0	0	78
Duke Johnson Jr., Cle RB	Duke Johnson Jr.	 Cle RB		0/1	0	0	0	73	358	1	53	514	0	72	0	1	0	78
Jason Witten, Dal TE	Jason Witten	 Dal TE		0/0	0	0	0	0	0	0	69	673	3	95	0	1	0	77
DeAngelo Williams, Pit RB	DeAngelo Williams	 Pit RB		0/0	0	0	0	98	343	4	18	118	2	27	0	0	0	77
Brian Hoyer, SF QB	Brian Hoyer	 SF QB		134/200	1445	6	0	7	-2	0	0	0	0	0	0	1	0	77
Jeremy Kerley, SF WR	Jeremy Kerley	 SF WR		0/0	0	0	0	0	0	0	64	667	3	115	0	1	0	77
Jalen Richard, Oak RB	Jalen Richard	 Oak RB		0/0	0	0	0	83	491	1	29	194	2	39	0	0	0	77
Dennis Pitta, Bal TE	Dennis Pitta	 Bal TE		0/0	0	0	0	0	0	0	86	729	2	119	0	1	0	76
Terrance Williams, Dal WR	Terrance Williams	 Dal WR		0/0	0	0	0	0	0	0	44	594	4	61	0	1	0	76
Will Fuller V, Hou WR	Will Fuller V	 Hou WR		0/0	0	0	0	1	-3	0	47	635	2	92	0	0	1	76
C.J. Fiedorowicz, Hou TE	C.J. Fiedorowicz	 Hou TE		0/0	0	0	0	0	0	0	54	559	4	89	0	0	0	75
Tyler Lockett, Sea WR  Q	Tyler Lockett	 Sea WR  Q		0/0	0	0	0	6	114	1	41	597	1	67	0	0	0	75
T.J. Yeldon, Jax RB  Q	T.J. Yeldon	 Jax RB  Q		0/0	0	0	0	130	465	1	50	312	1	68	0	1	0	75
Packers D/ST D/ST	#VALUE!	#VALUE!		0/0	0	0	0	0	0	0	0	0	0	0	0	0	0	75
Jaguars D/ST D/ST	#VALUE!	#VALUE!		0/0	0	0	0	0	0	0	0	0	0	0	0	0	2	75
Dwayne Allen, NE TE	Dwayne Allen	 NE TE		0/0	0	0	0	0	0	0	35	406	6	52	1	0	0	74
Giovani Bernard, Cin RB  Q	Giovani Bernard	 Cin RB  Q		0/0	0	0	0	91	337	2	39	336	1	51	0	1	0	74
Raiders D/ST D/ST	#VALUE!	#VALUE!		0/0	0	0	0	0	0	0	0	0	0	0	0	0	1	74
Charles Clay, Buf TE	Charles Clay	 Buf TE		0/0	0	0	0	0	0	0	57	552	4	87	0	0	0	73
Robert Turbin, Ind RB	Robert Turbin	 Ind RB		0/0	0	0	0	47	164	7	26	179	1	35	0	0	0	73
Michael Floyd, NE WR	Michael Floyd	 NE WR		0/0	0	0	0	0	0	0	37	488	5	77	0	0	0	73
Shaun Draughn, NYG RB	Shaun Draughn	 NYG RB		0/0	0	0	0	74	196	4	29	263	2	39	0	1	0	72
Cody Kessler, Cle QB	Cody Kessler	 Cle QB		128/195	1380	6	2	11	18	0	0	0	0	0	1	1	0	72
Eli Rogers, Pit WR	Eli Rogers	 Pit WR		0/0	0	0	0	1	6	0	48	594	3	66	0	0	0	72
Rams D/ST D/ST	#VALUE!	#VALUE!		0/0	0	0	0	0	0	0	0	0	0	0	0	0	1	72
Zach Miller, Chi TE  Q	Zach Miller	 Chi TE  Q		0/0	0	0	0	0	0	0	47	486	4	65	0	0	0	69
Rob Gronkowski, NE TE  Q	Rob Gronkowski	 NE TE  Q		0/0	0	0	0	0	0	0	25	540	3	38	0	0	0	69
Blaine Gabbert, SF QB	Blaine Gabbert	 SF QB		91/160	925	5	6	40	173	2	1	-16	0	1	0	0	0	69
Donte Moncrief, Ind WR  Q	Donte Moncrief	 Ind WR  Q		0/0	0	0	0	1	-1	0	30	307	7	56	0	0	0	69
Lions D/ST D/ST	#VALUE!	#VALUE!		0/0	0	0	0	0	0	0	0	0	0	0	0	0	3	69
Gary Barnidge, Cle TE	Gary Barnidge	 Cle TE		0/0	0	0	0	0	0	0	55	612	2	81	1	0	0	68
Jacquizz Rodgers, TB RB	Jacquizz Rodgers	 TB RB		0/0	0	0	0	129	560	2	13	98	0	16	0	0	0	68
Brian Quick, Wsh WR	Brian Quick	 Wsh WR		0/0	0	0	0	0	0	0	41	564	3	79	0	0	0	68
Adam Humphries, TB WR	Adam Humphries	 TB WR		0/0	0	0	0	5	18	0	55	622	2	82	1	0	0	68
Robby Anderson, NYJ WR	Robby Anderson	 NYJ WR		0/0	0	0	0	3	42	0	42	587	2	78	0	1	0	68
Matt Barkley, SF QB	Matt Barkley	 SF QB		129/216	1611	8	14	7	2	0	1	2	1	1	0	2	0	67
Doug Martin, TB RB  SSPD	Doug Martin	 TB RB  SSPD		0/0	0	0	0	144	421	3	14	134	0	16	0	1	0	66
Zach Zenner, Det RB	Zach Zenner	 Det RB		0/0	0	0	0	88	334	4	18	196	0	23	0	1	0	66
Seth Roberts, Oak WR	Seth Roberts	 Oak WR		0/0	0	0	0	0	0	0	38	397	5	77	2	0	0	66
Bears D/ST D/ST	#VALUE!	#VALUE!		0/0	0	0	0	0	0	0	0	0	0	0	0	0	3	66
Titans D/ST D/ST	#VALUE!	#VALUE!		0/0	0	0	0	0	0	0	0	0	0	0	0	0	1	66
Chris Ivory, Jax RB	Chris Ivory	 Jax RB		0/0	0	0	0	117	439	3	20	186	0	28	0	3	0	65
Kenneth Dixon, Bal RB  SSPD	Kenneth Dixon	 Bal RB  SSPD		0/0	0	0	0	88	382	2	30	162	1	41	0	0	0	65
Vernon Davis, Wsh TE	Vernon Davis	 Wsh TE		0/0	0	0	0	0	0	0	44	583	2	59	0	0	0	64
Tyler Eifert, Cin TE  Q	Tyler Eifert	 Cin TE  Q		0/0	0	0	0	0	0	0	29	394	5	47	0	0	0	64
Robert Woods, LA WR	Robert Woods	 LA WR		0/0	0	0	0	1	6	0	51	613	1	74	0	0	0	63
Breshad Perriman, Bal WR	Breshad Perriman	 Bal WR		0/0	0	0	0	1	2	0	33	499	3	66	0	0	0	63
Kai Forbath, Min K	Kai Forbath	 Min K		0/0	0	0	0	0	0	0	0	0	0	0	0	0	0	62
Robert Griffin III, Cle QB	Robert Griffin III	 Cle QB		87/147	886	2	3	31	190	2	0	0	0	0	0	1	0	62
Matt Jones, Wsh RB	Matt Jones	 Wsh RB		0/0	0	0	0	99	460	3	8	73	0	8	0	2	0	62
Allen Hurns, Jax WR  Q	Allen Hurns	 Jax WR  Q		0/0	0	0	0	0	0	0	35	477	3	76	0	0	0	61
Tyler Boyd, Cin WR	Tyler Boyd	 Cin WR		0/0	0	0	0	4	58	0	54	603	1	81	0	1	0	61
Jeremy Maclin, KC WR	Jeremy Maclin	 KC WR		0/1	0	0	0	1	-1	0	44	536	2	76	0	0	0	60
John Brown, Ari WR	John Brown	 Ari WR		0/0	0	0	0	1	10	0	39	517	2	72	0	0	0	60
Vance McDonald, SF TE  Q	Vance McDonald	 SF TE  Q		0/0	0	0	0	0	0	0	24	391	4	45	0	0	0	59
Damien Williams, Mia RB	Damien Williams	 Mia RB		0/0	0	0	0	35	115	3	23	249	3	31	0	1	0	59
Phillip Dorsett, Ind WR	Phillip Dorsett	 Ind WR		0/0	0	0	0	2	10	0	33	528	2	60	0	0	0	59
Malcolm Mitchell, NE WR	Malcolm Mitchell	 NE WR		0/0	0	0	0	0	0	0	32	401	4	48	0	0	0	59
Redskins D/ST D/ST	#VALUE!	#VALUE!		0/0	0	0	0	0	0	0	0	0	0	0	0	0	1	59
DeAndre Washington, Oak RB	DeAndre Washington	 Oak RB		0/0	0	0	0	87	467	2	17	115	0	23	0	1	0	58
Victor Cruz, NYG WR	Victor Cruz	 NYG WR		0/0	0	0	0	0	0	0	39	586	1	72	0	1	0	57
Tajae Sharpe, Ten WR	Tajae Sharpe	 Ten WR		0/0	0	0	0	1	1	0	41	522	2	83	0	0	0	57
Kendall Wright, Chi WR	Kendall Wright	 Chi WR		0/0	0	0	0	1	15	0	29	416	3	43	0	0	0	56
Cordarrelle Patterson, Min WR	Cordarrelle Patterson	 Min WR		0/0	0	0	0	7	43	0	52	453	2	70	0	0	1	56
Marquise Goodwin, SF WR	Marquise Goodwin	 SF WR		0/0	0	0	0	0	0	0	29	431	3	68	0	0	0	56
Thomas Rawls, Sea RB	Thomas Rawls	 Sea RB		0/0	0	0	0	109	349	3	13	96	0	17	0	0	0	56
Lance Kendricks, GB TE	Lance Kendricks	 GB TE		0/0	0	0	0	0	0	0	50	499	2	88	0	1	0	55
Charcandrick West, KC RB	Charcandrick West	 KC RB		0/0	0	0	0	88	293	1	28	188	2	34	0	0	0	55
Devin Funchess, Car WR	Devin Funchess	 Car WR		0/0	0	0	0	0	0	0	23	371	4	59	1	0	0	55
Robbie Gould, SF K	Robbie Gould	 SF K		0/0	0	0	0	0	0	0	0	0	0	0	0	0	0	54
Corey Coleman, Cle WR	Corey Coleman	 Cle WR		0/0	0	0	0	2	10	0	33	413	3	74	0	0	0	54
Matt Moore, Mia QB	Matt Moore	 Mia QB		55/87	721	8	3	1	-1	0	0	0	0	0	0	0	0	53
Eddie Royal, Chi WR  Q	Eddie Royal	 Chi WR  Q		0/0	0	0	0	0	0	0	33	369	2	43	0	0	1	53
Blair Walsh, Sea K	Blair Walsh	 Sea K		0/0	0	0	0	0	0	0	0	0	0	0	0	0	0	53
Sammy Watkins, Buf WR  Q	Sammy Watkins	 Buf WR  Q		0/0	0	0	0	0	0	0	28	430	2	52	0	0	0	53
Colts D/ST D/ST	#VALUE!	#VALUE!		0/0	0	0	0	0	0	0	0	0	0	0	0	0	2	53
Sammie Coates, Pit WR  Q	Sammie Coates	 Pit WR  Q		0/0	0	0	0	4	14	0	21	435	2	49	0	0	0	52
Paul Perkins, NYG RB	Paul Perkins	 NYG RB		0/0	0	0	0	112	456	0	15	162	0	24	0	0	0	51
Rex Burkhead, NE RB	Rex Burkhead	 NE RB		0/0	0	0	0	74	344	2	17	145	0	20	0	1	0	50
Josh McCown, NYJ QB	Josh McCown	 NYJ QB		90/165	1100	6	6	7	21	0	0	0	0	0	1	4	0	49
Julius Thomas, Mia TE	Julius Thomas	 Mia TE		0/0	0	0	0	0	0	0	30	281	4	52	0	0	0	49
Jermaine Kearse, Sea WR	Jermaine Kearse	 Sea WR		0/0	0	0	0	0	0	0	41	511	1	90	0	0	0	49
Jared Goff, LA QB	Jared Goff	 LA QB		112/205	1089	5	7	8	16	1	0	0	0	0	0	2	0	49
Ryan Griffin, Hou TE	Ryan Griffin	 Hou TE		0/0	0	0	0	0	0	0	50	442	2	75	0	1	0	48
Clive Walford, Oak TE	Clive Walford	 Oak TE		0/0	0	0	0	0	0	0	33	359	3	52	0	0	0	48
Jermaine Gresham, Ari TE	Jermaine Gresham	 Ari TE		0/0	0	0	0	0	0	0	37	391	2	61	0	0	0	47
Travaris Cadet, NO RB	Travaris Cadet	 NO RB		0/0	0	0	0	4	19	0	40	281	4	53	0	0	0	47
Albert Wilson, KC WR	Albert Wilson	 KC WR		0/0	0	0	0	2	50	1	31	279	2	51	0	0	0	46
Chris Conley, KC WR	Chris Conley	 KC WR		0/0	0	0	0	0	0	0	44	530	0	69	0	0	0	46
Josh Brown*, NYG K  O	Josh Brown*	 NYG K  O		0/0	0	0	0	0	0	0	0	0	0	0	0	0	0	45
Dion Sims, Chi TE	Dion Sims	 Chi TE		0/0	0	0	0	0	0	0	26	256	4	35	0	0	0	45
Jeremy Langford, Chi RB	Jeremy Langford	 Chi RB		0/0	0	0	0	62	200	4	19	142	0	27	0	2	0	45
Dorial Green-Beckham, Phi WR	Dorial Green-Beckham	 Phi WR		0/0	0	0	0	0	0	0	36	392	2	74	0	0	0	45
Nelson Agholor, Phi WR	Nelson Agholor	 Phi WR		0/0	0	0	0	5	14	0	36	365	2	70	1	0	0	45
Jesse James, Pit TE	Jesse James	 Pit TE		0/0	0	0	0	0	0	0	39	338	3	59	0	0	0	45
Jay Cutler, Chi QB  Q	Jay Cutler	 Chi QB  Q		81/137	1059	4	5	5	24	0	0	0	0	0	0	2	0	44
Andrew Hawkins, Cle WR	Andrew Hawkins	 Cle WR		0/0	0	0	0	2	0	0	33	324	3	54	0	0	0	44
Garrett Celek, SF TE	Garrett Celek	 SF TE		0/0	0	0	0	0	0	0	29	350	3	50	0	1	0	44
Jets D/ST D/ST	#VALUE!	#VALUE!		0/0	0	0	0	0	0	0	0	0	0	0	0	0	0	43
Danny Amendola, NE WR	Danny Amendola	 NE WR		0/0	0	0	0	0	0	0	23	243	4	29	0	1	0	42
Alfred Blue, Hou RB	Alfred Blue	 Hou RB		0/0	0	0	0	100	420	1	12	40	0	16	0	1	0	42
Jamize Olawale, Oak RB	Jamize Olawale	 Oak RB		0/0	0	0	0	17	47	2	12	227	1	14	0	0	0	41
Wendell Smallwood, Phi RB  Q	Wendell Smallwood	 Phi RB  Q		0/0	0	0	0	77	312	1	6	55	0	12	0	1	1	41
Torrey Smith, Phi WR	Torrey Smith	 Phi WR		0/0	0	0	0	0	0	0	20	267	3	49	0	0	0	40
Russell Shepard, TB WR	Russell Shepard	 TB WR		0/0	0	0	0	1	9	0	23	341	2	40	0	0	0	40
Austin Hooper, Atl TE	Austin Hooper	 Atl TE		0/0	0	0	0	0	0	0	19	271	3	27	0	0	0	40
Aldrick Robinson, SF WR	Aldrick Robinson	 SF WR		0/0	0	0	0	0	0	0	20	323	2	32	0	0	0	39
Justin Hunter, Pit WR	Justin Hunter	 Pit WR		0/0	0	0	0	0	0	0	10	189	4	24	0	0	0	39
Brandon Coleman, NO WR	Brandon Coleman	 NO WR		0/0	0	0	0	0	0	0	26	281	3	38	0	0	0	39
Justin Hardy, Atl WR	Justin Hardy	 Atl WR		0/0	0	0	0	0	0	0	21	203	4	32	0	0	0	39
Will Tye, NYG TE	Will Tye	 NYG TE		0/0	0	0	0	0	0	0	48	395	1	70	0	0	0	39
C.J. Prosise, Sea RB  Q	C.J. Prosise	 Sea RB  Q		0/0	0	0	0	30	172	1	17	208	0	19	0	0	0	39
Fozzy Whittaker, Car RB	Fozzy Whittaker	 Car RB		0/0	0	0	0	57	265	0	25	226	0	33	0	1	0	37
Charles Sims, TB RB  Q	Charles Sims	 TB RB  Q		0/0	0	0	0	51	149	1	24	190	1	32	0	1	0	37
Jared Cook, Oak TE	Jared Cook	 Oak TE		0/0	0	0	0	0	0	0	30	377	1	51	0	1	0	36
Eddie Lacy, Sea RB  Q	Eddie Lacy	 Sea RB  Q		0/0	0	0	0	71	360	0	4	28	0	7	0	0	0	36
Brice Butler, Dal WR	Brice Butler	 Dal WR		0/0	0	0	0	0	0	0	16	219	3	32	0	0	0	36
Quinton Patton, NYJ WR  Q	Quinton Patton	 NYJ WR  Q		0/0	0	0	0	0	0	0	37	408	0	63	0	0	0	36
Jacob Tamme, Atl TE  Q	Jacob Tamme	 Atl TE  Q		0/0	0	0	0	0	0	0	22	210	3	31	0	0	0	35
Justin Forsett, Den RB	Justin Forsett	 Den RB		0/0	0	0	0	87	291	1	20	85	0	27	0	1	0	35
Ladarius Green, Pit TE  Q	Ladarius Green	 Pit TE  Q		0/0	0	0	0	0	0	0	18	304	1	34	0	0	0	35
Darrius Heyward-Bey, Pit WR	Darrius Heyward-Bey	 Pit WR		0/0	0	0	0	1	60	1	6	114	2	19	0	0	0	34
Randy Bullock, Cin K	Randy Bullock	 Cin K		0/0	0	0	0	0	0	0	0	0	0	0	0	0	0	34
Joshua Bellamy, Chi WR	Joshua Bellamy	 Chi WR		0/0	0	0	0	4	37	0	19	282	1	38	0	0	0	34
Landry Jones, Pit QB	Landry Jones	 Pit QB		53/86	558	4	2	6	-4	0	0	0	0	0	0	0	0	34
Levine Toilolo, Atl TE	Levine Toilolo	 Atl TE		0/0	0	0	0	0	0	0	13	264	2	19	0	0	0	34
Jimmy Garoppolo, NE QB	Jimmy Garoppolo	 NE QB		43/63	502	4	0	10	6	0	1	3	0	1	0	1	0	34
Saints D/ST D/ST	#VALUE!	#VALUE!		0/0	0	0	0	0	0	0	0	0	0	0	0	0	0	34
James Starks, GB RB  Q	James Starks	 GB RB  Q		0/0	0	0	0	63	145	0	19	134	2	25	0	0	0	33
Kamar Aiken, Ind WR	Kamar Aiken	 Ind WR		0/0	0	0	0	0	0	0	29	328	1	50	0	0	0	33
Erik Swoope, Ind TE	Erik Swoope	 Ind TE		0/0	0	0	0	0	0	0	15	297	1	22	0	0	0	33
John Kuhn, NO RB	John Kuhn	 NO RB		0/0	0	0	0	18	37	4	16	70	1	20	0	0	0	32
Deonte Thompson, Chi WR	Deonte Thompson	 Chi WR		0/0	0	0	0	0	0	0	22	249	2	36	0	1	0	32
Richard Rodgers, GB TE	Richard Rodgers	 GB TE		0/0	0	0	0	0	0	0	30	271	2	46	0	0	0	32
Trey Burton, Phi TE	Trey Burton	 Phi TE		0/0	0	0	0	0	0	0	37	327	1	60	0	0	0	32
Kenyan Drake, Mia RB	Kenyan Drake	 Mia RB		0/0	0	0	0	33	179	2	9	46	0	10	0	0	1	32
Bryan Walters, Jax WR	Bryan Walters	 Jax WR		0/0	0	0	0	1	4	0	24	231	2	34	0	1	0	31
Dion Lewis, NE RB  Q	Dion Lewis	 NE RB  Q		0/0	0	0	0	64	283	0	17	94	0	24	0	0	0	31
Alfred Morris, Dal RB	Alfred Morris	 Dal RB		0/0	0	0	0	69	243	2	3	11	0	6	0	0	0	31
Cobi Hamilton, Pit WR	Cobi Hamilton	 Pit WR		0/0	0	0	0	0	0	0	17	234	2	28	0	0	0	31
Paul Richardson, Sea WR	Paul Richardson	 Sea WR		0/0	0	0	0	1	5	0	21	288	1	36	0	0	0	31
Aaron Ripkowski, GB RB	Aaron Ripkowski	 GB RB		0/0	0	0	0	34	150	2	9	46	1	10	0	0	0	31
Dwayne Washington, Det RB	Dwayne Washington	 Det RB		0/0	0	0	0	90	265	1	10	62	0	15	0	0	0	31
Andre Roberts, Atl WR	Andre Roberts	 Atl WR		0/0	0	0	0	0	0	0	14	188	1	25	0	1	2	30
Eric Decker, NYJ WR  Q	Eric Decker	 NYJ WR  Q		0/0	0	0	0	0	0	0	9	194	2	21	0	0	0	30
Kyle Juszczyk, SF RB	Kyle Juszczyk	 SF RB		0/0	0	0	0	5	22	1	37	266	0	49	1	0	0	30
Geronimo Allison, GB WR	Geronimo Allison	 GB WR		0/0	0	0	0	0	0	0	12	202	2	22	0	0	0	30
Bryce Petty, NYJ QB  Q	Bryce Petty	 NYJ QB  Q		75/133	809	3	7	5	19	0	0	0	0	0	1	1	0	29
Corey Grant, Jax RB	Corey Grant	 Jax RB		0/0	0	0	0	32	164	1	4	35	1	7	0	0	0	29
Andre Holmes, Buf WR	Andre Holmes	 Buf WR		0/0	0	0	0	0	0	0	14	126	3	25	0	0	0	27
Nick Foles, Phi QB	Nick Foles	 Phi QB		36/55	410	3	0	4	-4	0	0	0	0	0	0	0	0	27
Rod Streater, SF WR	Rod Streater	 SF WR		0/0	0	0	0	0	0	0	18	191	2	27	0	0	0	27
Kerwynn Williams, Ari RB	Kerwynn Williams	 Ari RB		0/0	0	0	0	18	157	2	1	6	0	2	0	0	0	27
Corey Brown, Buf WR	Corey Brown	 Buf WR		0/0	0	0	0	2	6	0	27	276	1	53	0	1	0	27
Cameron Artis-Payne, Car RB	Cameron Artis-Payne	 Car RB		0/0	0	0	0	36	144	2	1	11	0	1	0	0	0	26
Paxton Lynch, Den QB	Paxton Lynch	 Den QB		49/83	497	2	1	11	25	0	0	0	0	0	0	0	0	26
Jacoby Brissett, NE QB	Jacoby Brissett	 NE QB		34/55	400	0	0	16	83	1	0	0	0	0	0	1	0	26
Jordan Taylor, Den WR	Jordan Taylor	 Den WR		0/0	0	0	0	0	0	0	16	209	2	27	0	1	0	26
Peyton Barber, TB RB	Peyton Barber	 TB RB		0/0	0	0	0	55	223	1	5	28	0	6	0	0	0	26
Virgil Green, Den TE	Virgil Green	 Den TE		0/0	0	0	0	0	0	0	22	237	1	37	0	0	0	25
C.J. Uzomah, Cin TE	C.J. Uzomah	 Cin TE		0/0	0	0	0	0	0	0	25	234	1	38	0	0	0	25
Tanner McEvoy, Sea WR	Tanner McEvoy	 Sea WR		42736	43	0	0	0	0	0	9	140	2	11	0	0	0	25
Chester Rogers, Ind WR	Chester Rogers	 Ind WR		0/0	0	0	0	0	0	0	19	273	0	35	0	0	0	25
Kenjon Barner, Phi RB	Kenjon Barner	 Phi RB		0/0	0	0	0	27	129	2	5	42	0	11	0	0	0	24
Demetrius Harris, KC TE	Demetrius Harris	 KC TE		0/0	0	0	0	0	0	0	17	123	1	31	1	0	1	24
Shane Vereen, NYG RB  Q	Shane Vereen	 NYG RB  Q		0/0	0	0	0	33	158	1	11	94	0	19	0	2	0	23
Bennie Fowler, Den WR	Bennie Fowler	 Den WR		0/0	0	0	0	0	0	0	11	145	2	24	0	0	0	23
49ers D/ST D/ST	#VALUE!	#VALUE!		0/0	0	0	0	0	0	0	0	0	0	0	0	0	0	23
DuJuan Harris, SF RB	DuJuan Harris	 SF RB		0/0	0	0	0	38	138	0	8	115	1	9	0	2	0	22
Kapri Bibbs, Den RB	Kapri Bibbs	 Den RB		0/0	0	0	0	29	129	0	2	75	1	4	0	0	0	22
Orleans Darkwa, NYG RB	Orleans Darkwa	 NYG RB		0/0	0	0	0	30	111	2	2	12	0	4	0	0	0	22
Marquess Wilson, Chi WR  Q	Marquess Wilson	 Chi WR  Q		0/0	0	0	0	0	0	0	9	160	1	16	0	0	0	21
Jaron Brown, Ari WR  Q	Jaron Brown	 Ari WR  Q		0/0	0	0	0	0	0	0	11	187	1	22	0	0	0	21
Josh Huff, TB WR	Josh Huff	 TB WR		0/1	0	0	0	4	15	0	16	113	1	23	0	0	1	21
Seth DeValve, Cle TE	Seth DeValve	 Cle TE		0/0	0	0	0	0	0	0	10	127	2	13	0	0	0	21
Jalin Marshall, NYJ WR  SSPD	Jalin Marshall	 NYJ WR  SSPD		0/0	0	0	0	0	0	0	14	162	2	23	0	2	0	21
Xavier Grimble, Pit TE	Xavier Grimble	 Pit TE		0/0	0	0	0	0	0	0	11	118	2	21	0	0	0	21
Marcedes Lewis, Jax TE  Q	Marcedes Lewis	 Jax TE  Q		0/0	0	0	0	0	0	0	20	169	1	30	0	0	0	20
Mychal Rivera, Jax TE	Mychal Rivera	 Jax TE		0/0	0	0	0	0	0	0	18	192	1	25	0	0	0	20
Luke Willson, Sea TE	Luke Willson	 Sea TE		0/0	0	0	0	0	0	0	15	129	2	21	0	0	0	20
Jeff Janis, GB WR	Jeff Janis	 GB WR		0/0	0	0	0	2	38	1	11	93	1	19	0	0	0	20
Ameer Abdullah, Det RB	Ameer Abdullah	 Det RB		0/0	0	0	0	18	101	0	5	57	1	5	0	0	0	20
Charone Peake, NYJ WR	Charone Peake	 NYJ WR		0/0	0	0	0	0	0	0	19	186	0	34	0	0	0	20
Andre Johnson, Ten WR	Andre Johnson	 Ten WR		0/0	0	0	0	0	0	0	9	85	2	23	0	0	0	19
Harry Douglas, Ten WR	Harry Douglas	 Ten WR		0/0	0	0	0	0	0	0	15	210	0	22	0	0	0	19
Mike Tolbert, Buf RB	Mike Tolbert	 Buf RB		0/0	0	0	0	35	114	0	10	72	1	15	0	0	0	19
Danny Woodhead, Bal RB  Q	Danny Woodhead	 Bal RB  Q		0/0	0	0	0	19	116	0	6	35	1	8	0	0	0	19
Ronnie Hillman, SD RB	Ronnie Hillman	 SD RB		0/0	0	0	0	41	131	0	7	93	0	15	0	0	0	19
Charles Johnson, Min WR	Charles Johnson	 Min WR		0/0	0	0	0	0	0	0	20	232	0	37	0	0	0	19
Josh Hill, NO TE  Q	Josh Hill	 NO TE  Q		0/0	0	0	0	0	0	0	15	149	1	22	0	0	0	19
Ben Koyack, Jax TE	Ben Koyack	 Jax TE		0/0	0	0	0	0	0	0	19	161	1	24	0	0	0	19
Alex Collins, Sea RB	Alex Collins	 Sea RB		0/0	0	0	0	31	125	1	11	84	0	11	0	1	0	19
Darren Waller, Bal TE	Darren Waller	 Bal TE		0/0	0	0	0	0	0	0	10	85	2	17	0	0	0	18
Ricardo Louis, Cle WR	Ricardo Louis	 Cle WR		0/0	0	0	0	0	0	0	18	205	0	36	0	0	0	18
Roger Lewis, NYG WR	Roger Lewis	 NYG WR		0/0	0	0	0	0	0	0	7	97	2	19	0	0	0	18
Kenneth Farrow, SD RB  Q	Kenneth Farrow	 SD RB  Q		0/0	0	0	0	60	192	0	13	70	0	16	0	1	0	18
Anthony Fasano, Mia TE	Anthony Fasano	 Mia TE		0/0	0	0	0	0	0	0	8	83	2	14	0	0	0	17
Jordan Norwood, Den WR	Jordan Norwood	 Den WR		0/0	0	0	0	1	0	0	21	232	1	35	0	3	0	17
Lance Dunbar, LA RB	Lance Dunbar	 LA RB		0/0	0	0	0	9	31	1	16	122	0	24	0	0	0	17
Austin Seferian-Jenkins, NYJ TE  SSPD	Austin Seferian-Jenkins	 NYJ TE  SSPD		0/0	0	0	0	0	0	0	13	154	1	21	0	0	0	17
Tom Savage, Hou QB	Tom Savage	 Hou QB		46/73	461	0	0	6	12	0	0	0	0	0	0	1	0	17
Darren Fells, Det TE	Darren Fells	 Det TE		0/0	0	0	0	0	0	0	14	154	1	18	0	0	0	17
Freddie Martino, TB WR	Freddie Martino	 TB WR		0/0	0	0	0	0	0	0	8	142	1	11	0	0	0	17
Kevin White, Chi WR  Q	Kevin White	 Chi WR  Q		0/0	0	0	0	1	9	0	19	187	0	35	0	0	0	17
Cody Core, Cin WR	Cody Core	 Cin WR		0/0	0	0	0	0	0	0	17	200	0	27	0	0	0	17
Reggie Bush, Buf RB	Reggie Bush	 Buf RB		0/0	0	0	0	12	-3	1	7	90	0	10	1	0	0	16
Ed Dickson, Car TE	Ed Dickson	 Car TE		0/0	0	0	0	0	0	0	10	134	1	19	0	0	0	16
Bobby Rainey, NYG RB	Bobby Rainey	 NYG RB		0/0	0	0	0	17	63	0	20	153	0	25	0	1	0	16
Kevin Hogan, Cle QB	Kevin Hogan	 Cle QB		14/26	104	0	2	8	105	1	0	0	0	0	0	0	0	16
Browns D/ST D/ST	#VALUE!	#VALUE!		0/0	0	0	0	0	0	0	0	0	0	0	0	0	1	16
Derek Anderson, Car QB	Derek Anderson	 Car QB		36/53	453	2	5	1	4	0	0	0	0	0	1	1	0	15
Arrelious Benn, Jax WR	Arrelious Benn	 Jax WR		0/0	0	0	0	0	0	0	5	116	1	10	0	0	0	15
MarQueis Gray, Mia TE	MarQueis Gray	 Mia TE		0/0	0	0	0	0	0	0	14	174	0	17	0	0	0	15
Terron Ward, Atl RB	Terron Ward	 Atl RB		0/0	0	0	0	31	151	0	1	11	0	2	0	0	0	15
Daniel Brown, Chi WR, TE	Daniel Brown	 Chi WR, TE		0/0	0	0	0	0	0	0	16	124	1	20	0	0	0	15
Chris Moore, Bal WR	Chris Moore	 Bal WR		0/0	0	0	0	3	19	0	7	46	0	16	0	0	2	15
Vincent Jackson, TB WR  Q	Vincent Jackson	 TB WR  Q		0/0	0	0	0	0	0	0	15	173	0	31	0	0	0	14
Matt Cassel, Ten QB	Matt Cassel	 Ten QB		30/51	284	2	2	4	3	0	0	0	0	0	0	0	0	14
Chris Johnson, Ari RB  Q	Chris Johnson	 Ari RB  Q		0/0	0	0	0	25	95	1	0	0	0	1	0	0	0	14
Greg Salas, Buf WR  Q	Greg Salas	 Buf WR  Q		0/0	0	0	0	0	0	0	4	89	1	6	0	0	0	14
Jonathan Grimes, Hou RB	Jonathan Grimes	 Hou RB		0/0	0	0	0	23	105	0	13	94	0	18	0	0	0	14
Jerell Adams, NYG TE	Jerell Adams	 NYG TE		0/0	0	0	0	0	0	0	16	122	1	21	0	0	0	14
Mack Brown, Wsh RB	Mack Brown	 Wsh RB		0/0	0	0	0	8	82	1	1	-2	0	1	0	0	0	14
Brandon Tate, Buf WR	Brandon Tate	 Buf WR		0/0	0	0	0	3	48	0	8	117	0	11	0	0	0	13
Cecil Shorts III, TB WR  D	Cecil Shorts III	 TB WR  D		0/0	0	0	0	0	0	0	11	152	0	27	0	0	0	13
Benjamin Cunningham, Chi RB  Q	Benjamin Cunningham	 Chi RB  Q		0/0	0	0	0	21	101	0	16	91	0	21	0	0	0	13
Braxton Miller, Hou WR	Braxton Miller	 Hou WR		0/0	0	0	0	3	0	0	15	99	1	28	0	0	0	13
Markus Wheaton, Chi WR  Q	Markus Wheaton	 Chi WR  Q		0/0	0	0	0	0	0	0	4	51	1	9	1	0	0	12
Denard Robinson, Jax RB	Denard Robinson	 Jax RB		0/0	0	0	0	41	144	0	3	22	0	5	0	0	0	12
Ka'Deem Carey, Chi RB	Ka'Deem Carey	 Chi RB		0/0	0	0	0	32	126	0	5	55	0	7	0	0	0	12
Jeff Heuerman, Den TE	Jeff Heuerman	 Den TE		0/0	0	0	0	0	0	0	9	141	0	17	0	0	0	12
A.J. Derby, Den TE  Q	A.J. Derby	 Den TE  Q		0/0	0	0	0	0	0	0	16	160	0	19	0	1	0	12
Paul Turner, Phi WR	Paul Turner	 Phi WR		0/0	0	0	0	0	0	0	9	126	0	14	0	0	0	12
Brandon Myers, TB TE	Brandon Myers	 TB TE		0/0	0	0	0	0	0	0	7	59	1	14	1	0	0	11
Jarius Wright, Min WR	Jarius Wright	 Min WR		0/0	0	0	0	0	0	0	11	67	1	14	0	0	0	11
Larry Donnell, NYG TE	Larry Donnell	 NYG TE		0/0	0	0	0	0	0	0	15	92	1	22	0	1	0	11
Crockett Gillmore, Bal TE  Q	Crockett Gillmore	 Bal TE  Q		0/0	0	0	0	0	0	0	8	71	1	14	0	0	0	11
Walter Powell, Buf WR  Q	Walter Powell	 Buf WR  Q		0/0	0	0	0	0	0	0	14	142	0	25	0	0	0	11
Jaelen Strong, Hou WR  Q	Jaelen Strong	 Hou WR  Q		0/0	0	0	0	0	0	0	14	131	0	24	0	0	0	11
Tyler Higbee, LA TE	Tyler Higbee	 LA TE		0/0	0	0	0	0	0	0	11	85	1	28	0	0	0	11
Andy Janovich, Den RB  Q	Andy Janovich	 Den RB  Q		0/0	0	0	0	4	33	1	5	44	0	7	0	0	0	11
Josh Ferguson, Ind RB	Josh Ferguson	 Ind RB		0/0	0	0	0	15	20	0	20	136	0	25	0	0	0	11
Stephen Anderson, Hou TE	Stephen Anderson	 Hou TE		0/0	0	0	0	0	0	0	11	93	1	16	0	0	0	11
Brent Celek, Phi TE	Brent Celek	 Phi TE		0/0	0	0	0	0	0	0	14	155	0	19	0	0	0	10
Jamaal Charles, KC RB  Q	Jamaal Charles	 KC RB  Q		0/0	0	0	0	12	40	1	2	14	0	3	0	0	0	10
Arian Foster, Mia RB	Arian Foster	 Mia RB		0/0	0	0	0	22	55	0	6	78	0	10	0	0	0	10
John Phillips, NO TE	John Phillips	 NO TE		0/0	0	0	0	0	0	0	10	72	1	14	0	0	0	10
C.J. Spiller, KC RB	C.J. Spiller	 KC RB		0/0	0	0	0	6	18	0	6	50	1	12	0	0	0	10
Jordan Todman, Ind RB	Jordan Todman	 Ind RB		0/0	0	0	0	9	59	0	0	0	0	1	0	0	1	10
Jordan Cameron, Mia TE  Q	Jordan Cameron	 Mia TE  Q		0/0	0	0	0	0	0	0	8	60	1	11	0	0	0	10
Dominique Jones, Mia TE	Dominique Jones	 Mia TE		0/0	0	0	0	0	0	0	7	61	1	10	0	0	0	10
Brittan Golden, Ari WR	Brittan Golden	 Ari WR		0/0	0	0	0	0	0	0	8	82	1	14	0	1	0	10
Nick O'Leary, Buf TE	Nick O'Leary	 Buf TE		0/0	0	0	0	0	0	0	9	114	0	14	1	0	0	10
Chris Harper, SF WR	Chris Harper	 SF WR		0/0	0	0	0	0	0	0	13	133	0	20	0	0	0	10
Akeem Hunt, Hou RB	Akeem Hunt	 Hou RB		0/0	0	0	0	20	109	0	3	29	0	4	0	0	0	10
Jonathan Williams, Buf RB	Jonathan Williams	 Buf RB		0/1	0	0	0	27	94	1	1	0	0	2	0	2	0	10
Demarcus Ayers, Pit WR  Q	Demarcus Ayers	 Pit WR  Q		0/0	0	0	0	2	-12	0	6	53	1	13	0	0	0	10
Shaun Hill, Min QB	Shaun Hill	 Min QB		19/35	242	0	0	5	5	0	0	0	0	0	0	0	0	9
Charlie Whitehurst, Cle QB  Q	Charlie Whitehurst	 Cle QB  Q		14/24	182	1	1	2	1	0	0	0	0	0	0	0	0	9
Jeremy Ross, Ari WR	Jeremy Ross	 Ari WR		0/0	0	0	0	0	0	0	4	37	1	4	0	0	0	9
Rhett Ellison, NYG TE	Rhett Ellison	 NYG TE		0/0	0	0	0	1	1	1	9	57	0	15	0	0	0	9
Mike Glennon, Chi QB	Mike Glennon	 Chi QB		43019	75	1	0	0	0	0	0	0	0	0	1	0	0	9
Andre Ellington, Ari RB	Andre Ellington	 Ari RB		0/0	0	0	0	34	96	0	12	85	0	19	0	0	0	9
Neal Sterling, Jax TE	Neal Sterling	 Jax TE		0/0	0	0	0	0	0	0	12	110	0	16	0	0	0	9
Mike Davis, SF RB	Mike Davis	 SF RB		0/0	0	0	0	19	50	1	3	25	0	5	0	1	0	9
George Atkinson III, Cle RB	George Atkinson III	 Cle RB		0/0	0	0	0	7	34	1	0	0	0	0	0	0	0	9
Joshua Perkins, Atl TE	Joshua Perkins	 Atl TE		0/0	0	0	0	0	0	0	3	42	1	5	0	0	0	9
Darren McFadden, Dal RB	Darren McFadden	 Dal RB		0/0	0	0	0	24	87	0	3	17	0	5	0	0	0	8
Patrick DiMarco, Buf RB	Patrick DiMarco	 Buf RB		0/0	0	0	0	0	0	0	7	52	1	10	0	0	0	8
Scott Tolzien, Ind QB	Scott Tolzien	 Ind QB		23/37	216	1	2	6	3	0	0	0	0	0	0	0	0	8
Gavin Escobar, Dal TE	Gavin Escobar	 Dal TE		0/0	0	0	0	0	0	0	4	30	1	7	0	0	0	8
Andre Williams, SD RB	Andre Williams	 SD RB		0/0	0	0	0	18	87	0	0	0	0	2	0	0	0	8
James Wright, Cle WR	James Wright	 Cle WR		0/0	0	0	0	2	-6	0	13	106	0	19	0	0	0	8
Leonte Carroo, Mia WR	Leonte Carroo	 Mia WR		0/0	0	0	0	0	0	0	3	29	1	6	0	0	0	8
Terrell Watson, Phi RB	Terrell Watson	 Phi RB		0/0	0	0	0	9	28	1	1	5	0	1	0	0	0	8
Drew Stanton, Ari QB	Drew Stanton	 Ari QB		19/48	192	2	3	3	-3	0	0	0	0	0	0	0	0	7
Marcel Reece, Sea RB	Marcel Reece	 Sea RB		0/0	0	0	0	2	0	0	5	72	0	5	1	0	0	7
David Johnson, Pit TE	David Johnson	 Pit TE		0/0	0	0	0	0	0	0	7	80	0	11	1	0	0	7
Antone Smith, TB RB  Q	Antone Smith	 TB RB  Q		0/0	0	0	0	10	47	0	6	77	0	9	0	1	0	7
Juwan Thompson, Den RB	Juwan Thompson	 Den RB		0/0	0	0	0	8	26	1	0	0	0	1	0	0	0	7
TJ Jones, Det WR	TJ Jones	 Det WR		0/0	0	0	0	0	0	0	5	93	0	14	0	0	0	7
Blake Bell, SF TE  Q	Blake Bell	 SF TE  Q		0/0	0	0	0	0	0	0	4	85	0	9	0	0	0	7
Wendall Williams, Hou WR	Wendall Williams	 Hou WR		0/0	0	0	0	0	0	0	4	75	0	7	0	0	0	7
Alan Cross, TB TE	Alan Cross	 TB TE		0/0	0	0	0	0	0	0	6	38	1	10	0	0	0	7
Bryce Treggs, Phi WR	Bryce Treggs	 Phi WR		0/0	0	0	0	2	7	0	3	80	0	12	0	0	0	7
Tommylee Lewis, NO WR	Tommylee Lewis	 NO WR		0/0	0	0	0	3	11	0	7	76	0	11	0	0	0	7
Matt Lengel, NE TE	Matt Lengel	 NE TE		0/0	0	0	0	0	0	0	2	22	1	3	0	0	0	7
Keenan Allen, SD WR  Q	Keenan Allen	 SD WR  Q		0/0	0	0	0	0	0	0	6	63	0	7	0	0	0	6
Geno Smith, NYG QB  Q	Geno Smith	 NYG QB  Q		42961	126	1	1	2	9	0	0	0	0	0	0	0	0	6
Cody Latimer, Den WR	Cody Latimer	 Den WR		0/0	0	0	0	0	0	0	8	76	0	15	0	0	0	6
Michael Campanaro, Bal WR	Michael Campanaro	 Bal WR		0/0	0	0	0	3	72	0	0	0	0	1	0	0	0	6
Tyler Kroft, Cin TE  Q	Tyler Kroft	 Cin TE  Q		0/0	0	0	0	0	0	0	10	92	0	12	0	0	0	6
Connor Cook, Oak QB	Connor Cook	 Oak QB		14/21	150	1	1	0	0	0	0	0	0	0	0	1	0	6
Pharoh Cooper, LA WR	Pharoh Cooper	 LA WR		0/1	0	0	1	0	0	0	14	106	0	20	0	0	0	6
Trevor Davis, GB WR	Trevor Davis	 GB WR		0/0	0	0	0	0	0	0	3	24	1	6	0	1	0	6
Rashard Higgins, Cle WR	Rashard Higgins	 Cle WR		0/0	0	0	0	0	0	0	6	77	0	12	0	0	0	6
Derek Watt, SD RB	Derek Watt	 SD RB		0/0	0	0	0	2	4	0	4	83	0	4	0	0	0	6
Trevone Boykin, Sea QB	Trevone Boykin	 Sea QB		13/18	145	1	1	8	1	0	0	0	0	0	0	0	0	6
Byron Marshall, Phi RB	Byron Marshall	 Phi RB		0/0	0	0	0	19	64	0	3	10	0	5	0	0	0	6
D.J. Tialavea, Atl TE	D.J. Tialavea	 Atl TE		0/0	0	0	0	0	0	0	1	1	1	1	0	0	0	6
Tony Romo, Dal QB	Tony Romo	 Dal QB		42798	29	1	0	0	0	0	0	0	0	0	0	0	0	5
Dwayne Harris, NYG WR	Dwayne Harris	 NYG WR		0/0	0	0	0	0	0	0	1	13	1	1	0	1	0	5
Phillip Supernaw, Ten TE	Phillip Supernaw	 Ten TE		0/0	0	0	0	0	0	0	4	62	0	5	0	0	0	5
Ifeanyi Momah, Ari TE  Q	Ifeanyi Momah	 Ari TE  Q		0/0	0	0	0	0	0	0	2	50	0	4	0	0	0	5
EJ Manuel, Oak QB	EJ Manuel	 Oak QB		43065	131	0	0	8	22	0	0	0	0	0	1	1	0	5
Nick Williams, Atl WR	Nick Williams	 Atl WR		0/0	0	0	0	0	0	0	5	59	0	7	0	0	0	5
Jace Amaro, Ten TE	Jace Amaro	 Ten TE		0/0	0	0	0	0	0	0	3	59	0	4	0	0	0	5
Ryan Grant, Wsh WR	Ryan Grant	 Wsh WR		0/0	0	0	0	0	0	0	9	76	0	19	0	0	0	5
Patrick Murray, Cle K	Patrick Murray	 Cle K		0/0	0	0	0	0	0	0	0	0	0	0	0	0	0	5
Fitzgerald Toussaint, Pit RB	Fitzgerald Toussaint	 Pit RB		0/0	0	0	0	14	58	0	3	33	0	3	0	0	0	5
